Origin,Afghanistan,Albania,Algeria,American Samoa,Andorra,Angola,Anguilla,Antigua and Barbuda,Argentina,Armenia,Aruba,Australia,Austria,Azerbaijan,Bahamas,Bahrain,Bangladesh,Barbados,Belarus,Belgium,Belize,Benin,Bermuda,Bhutan,Bolivia (Plurinational State of),Bosnia and Herzegovina,Botswana,Brazil,British Virgin Islands,Brunei Darussalam,Bulgaria,Burkina Faso,Burundi,Cabo Verde,Cambodia,Cameroon,Canada,Cayman Islands,Central African Rep.,Chad,Chile,China,"China, Hong Kong SAR","China, Macao SAR",Colombia,Comoros,Congo,Cook Islands,Costa Rica,Croatia,Cuba,Curaçao,Cyprus,Czech Rep.,Côte d'Ivoire,Dem. People's Rep. of Korea,Dem. Rep. of the Congo,Denmark,Djibouti,Dominica,Dominican Rep.,Ecuador,Egypt,El Salvador,Equatorial Guinea,Eritrea,Estonia,Ethiopia,Fiji,Finland,France,French Guiana,French Polynesia,Gabon,Gambia,Georgia,Germany,Ghana,Gibraltar,Greece,Grenada,Guadeloupe,Guatemala,Guinea,Guinea-Bissau,Guyana,Haiti,Holy See (the),Honduras,Hungary,Iceland,India,Indonesia,Iran (Islamic Rep. of),Iraq,Ireland,Israel,Italy,Jamaica,Japan,Jordan,Kazakhstan,Kenya,Kiribati,Kuwait,Kyrgyzstan,Lao People's Dem. Rep.,Latvia,Lebanon,Lesotho,Liberia,Libya,Liechtenstein,Lithuania,Luxembourg,Madagascar,Malawi,Malaysia,Maldives,Mali,Malta,Marshall Islands,Martinique,Mauritania,Mauritius,Mexico,Micronesia (Federated States of),Monaco,Mongolia,Montenegro,Morocco,Mozambique,Myanmar,Namibia,Nauru,Nepal,Netherlands,New Caledonia,New Zealand,Nicaragua,Niger,Nigeria,Niue,Norfolk Island,Norway,Oman,Pakistan,Palau,Palestinian,Panama,Papua New Guinea,Paraguay,Peru,Philippines,Poland,Portugal,Puerto Rico,Qatar,Rep. of Korea,Rep. of Moldova,Romania,Russia,Rwanda,Saint Kitts and Nevis,Saint Lucia,Saint Vincent and the Grenadines,Saint-Pierre-et-Miquelon,Samoa,San Marino,Sao Tome and Principe,Saudi Arabia,Senegal,Serbia and Kosovo (S/RES/1244 (1999)),Seychelles,Sierra Leone,Singapore,Slovakia,Slovenia,Solomon Islands,Somalia,South Africa,South Sudan,Spain,Sri Lanka,Stateless,Sudan,Suriname,Svalbard and Jan Mayen,Swaziland,Sweden,Switzerland,Syrian Arab Rep.,Tajikistan,Thailand,The former Yugoslav Republic of Macedonia,Tibetan,Timor-Leste,Togo,Tonga,Trinidad and Tobago,Tunisia,Turkey,Turkmenistan,Turks and Caicos Islands,Tuvalu,Uganda,Ukraine,United Arab Emirates,United Kingdom,United Rep. of Tanzania,United States,Uruguay,Uzbekistan,Vanuatu,Various/Unknown,Venezuela (Bolivarian Republic of),Viet Nam,Wallis and Futuna Islands ,Western Sahara,Yemen,Zambia,Zimbabwe
Australia,,,,,,,,,,,,,,,,,,,,,,,,,,,,,,,,,,,,,,,,,,,,,,,,,,,,,,,,,,,,,,,,,,,,,,,,,,,,,,,,,,,,,,,,,,,,,,,,,,,,,,,,,,,,,,,,,,,,,,,,,,,,,,,,,,,,,,,,,,,,,,,,,,,,,,,,,,,,,,,,,,,,,,,,,,,,,,,,,,,,,,,,,,,,,,,,,,,,,,,,,,,,,,,,,,,,,,,,,,,,,,
Brazil,-0.072726899,-0.161015634,-0.137700383,,,0.002934553,,0.058744807,-0.122045397,-0.053961355,,,,-0.084821441,0.058744807,0.501058644,0.323605941,0.25412003,0.38215924,0.058744807,,0.09709308,,0.003455577,0.516224346,-0.155062,0.25225711,1,,,0.115231951,0.326687188,-0.180199066,-0.190056727,0.193804632,0.191462986,0.25225711,,0.003455577,0.013072649,0.354662875,0.550660176,0.501058644,,0.233651435,0.003455577,-0.117290739,,0.058744807,-0.008028698,0.321297682,,,0.058744807,0.387536658,0.227360837,-0.133686058,,0.405988067,0.174579436,0.007849103,0.411988568,0.051944535,0.574706628,0.003455577,0.174821313,0.501058644,-0.155396576,0.491388701,,0.478197862,,,-0.065234252,0.449462288,-0.010997622,,0.2777744,,0.058744807,,,0.058744807,0.240660161,0.30109434,0.072309487,0.00566117,,0.140780986,0.058744807,,-0.01978046,-0.156626984,0.050867537,-0.053389723,0.483843027,0.48607536,0.158021628,0.256765835,0.437105731,0.543002598,0.388866954,0.024373145,,0.338470627,0.453569259,,0.551370675,-0.078686248,-0.190056727,0.328131254,0.135118268,,0.25225711,,0.003455577,-0.174773683,0.5071721,,0.390201031,,,,0.013228637,0.32992937,0.145988564,,,0.438748124,-0.183008723,-0.092773116,-0.192722256,-0.087837855,0.25225711,,-0.028449937,,,0.501058644,0.598859435,0.250970593,0.420844506,,,,,0.225197475,,0.551857768,,0.501058644,,0.210768072,-0.123630845,0.292494698,0.25225711,,,0.524614224,-0.184118806,0.535512011,-0.129734815,-0.108547162,0.473414029,0.248214953,0.157205493,,0.501058644,,,0.409980782,0.372870918,-0.18278026,,0.403864895,0.501058644,0.058744807,,0.501058644,0.314880968,0.31382622,-0.084180768,0.216526624,0.206885993,0.430775334,0.036309584,-0.055410794,,-0.082340313,,,0.192900486,-0.011689103,0.373012953,-0.182124056,,,0.3410325,0.483836509,0.25225711,-0.073628101,-0.087553916,-0.182173738,,-0.190056727,-0.115125357,0.340115847,,0.501058644,-0.07022904,0.389773631,,0.501331651,,-0.019871151,0.247900315,-0.140139486,,0.003455577,0.523102597,-0.04835296,-0.176571747
Canada,-0.029021447,-0.045506424,-0.080925945,,,0.001605335,,-0.066666667,-0.083907923,-0.108042013,,,,-0.095869479,-0.066666667,-0.066666667,0.134215172,0.848528137,-0.106715589,-0.066666667,,-0.115289367,,-0.066666667,0.110674738,-0.081822761,1,0.25225711,,,-0.095732042,-0.11457457,-0.060509929,-0.066666667,-0.088721395,0.058218762,1,,-0.066666667,-0.060585294,-0.096956071,0.072607659,-0.066666667,,-0.15841007,-0.066666667,-0.076860367,,-0.066666667,-0.086891496,-0.182039107,,,-0.066666667,-0.090726175,0.860236743,-0.077873947,,-0.109267046,0.629485379,-0.074473134,-0.095898382,0.067733076,0.021815205,-0.066666667,0.423752877,-0.066666667,-0.043397002,-0.070586521,,0.422443702,,,-0.089985591,-0.036694135,-0.103659164,,-0.039861774,,-0.066666667,,,-0.066666667,-0.107816686,-0.123359539,0.050516397,-0.069282503,,-0.086497298,-0.066666667,,0.238647689,-0.068463938,0.521147971,0.086629253,-0.092703552,-0.175133482,-0.109991415,0.948621412,-0.097132373,-0.056035311,-0.107171152,0.209807307,,0.971625413,-0.074344713,,0.683130051,-0.055688736,-0.066666667,-0.119188676,0.566928879,,1,,-0.066666667,-0.004557392,-0.043983307,,-0.113082852,,,,-0.070247442,0.96395677,0.283682175,,,-0.086833982,-0.071511856,-0.0743837,-0.068324811,0.209078647,1,,0.018231696,,,-0.066666667,-0.085547132,-0.122175215,-0.007165383,,,,,0.141564748,,0.169123855,,-0.066666667,,-0.118001854,0.003826799,0.900583418,1,,,0.022663658,-0.069170461,0.660515723,-0.091062978,-0.014691333,-0.066666667,0.795408431,0.340975205,,-0.066666667,,,0.433733704,-0.092964425,-0.078372187,,0.169357198,-0.066666667,-0.066666667,,-0.066666667,-0.019508455,0.903471851,-0.091927712,-0.119352479,0.358079948,0.228856811,-0.020659126,-0.085403158,,0.324604107,,,0.015081547,-0.096255061,-0.006232762,-0.071530249,,,-0.113076285,-0.07314869,1,-0.075454601,-0.017964294,-0.034290387,,-0.066666667,0.130687323,-0.1186643,,-0.066666667,0.089660552,0.245021869,,-0.019881896,,-0.103601687,-0.088199048,0.081215027,,-0.066666667,0.740683461,0.16625028,-0.022351633
China,-0.036126287,0.006654602,0.126463427,,,0.273712519,,0.026308025,-0.128345844,0.159633996,,,,0.060946039,0.026308025,0.91122845,0.206036278,0.078128647,-0.046700238,0.026308025,,-0.053702741,,0.282449549,-0.095324237,-0.015625874,0.072607659,0.550660176,,,-0.084787225,-0.003033731,-0.09087188,-0.126779475,0.614973233,0.177985128,0.072607659,,0.282449549,0.281829018,-0.049334731,1,0.91122845,,0.10416491,0.282449549,0.148587603,,0.026308025,0.016854081,0.037424405,,,0.026308025,0.090260665,0.209274111,0.13724654,,0.089302997,0.269431099,0.275535215,-0.041142432,0.071372386,-0.083386598,0.282449549,0.241738937,0.91122845,-0.090824482,0.906203595,,0.614713349,,,0.254146248,-0.058200363,0.090672643,,-0.099664443,,0.026308025,,,0.026308025,0.183240438,0.004443923,0.27210008,0.283942349,,-0.00843845,0.026308025,,0.140954356,-0.069110386,0.029247944,-0.028657726,0.841159368,0.300822078,0.138382844,0.090210944,0.741593855,0.074568428,0.017383453,0.101687085,,0.059508279,0.00447575,,0.720094298,0.021548525,-0.089938906,-0.041129753,0.049843517,,0.072607659,,0.282449549,-0.085618152,0.913925663,,0.036531402,,,,0.281415579,0.272493686,0.073673295,,,-0.088498611,-0.016284745,-0.02410708,-0.0886796,-0.027034515,0.072607659,,0.123935239,,,0.91122845,-0.126391354,-0.002411046,-0.032369163,,,,,0.047633996,,-0.046218183,,0.91122845,,0.395077934,-0.077437835,0.242606748,0.072607659,,,0.919521215,-0.023986446,-0.030125196,0.110454474,0.088150689,-0.108608113,0.162258887,0.054104575,,0.91122845,,,0.33120108,-0.052436136,0.008662869,,0.08912522,0.91122845,0.026308025,,0.91122845,-0.023755596,0.328317974,0.248172203,-0.048313297,0.511864846,0.060739635,0.27907681,0.238138079,,-0.057101037,,,-0.092501339,-0.051128021,0.594414514,-0.021455688,,,0.107430809,0.901074785,0.072607659,0.014981366,0.14658135,-0.022652317,,-0.123792402,-0.090053523,0.00202497,,0.91122845,-0.061877084,0.19725305,,-0.067594484,,0.245766221,0.167441504,0.020310923,,0.282449549,0.019014743,0.070847654,-0.081682885
France,-0.130320537,-0.131791814,-0.190157295,,,-0.104327821,,0.640479161,-0.056354834,-0.204895841,,,,-0.180675225,0.640479161,0.531461432,-0.089030634,0.713056377,-0.196321915,0.640479161,,-0.192495346,,-0.122644946,-0.047357121,-0.150527222,0.422443702,0.478197862,,,-0.176115766,-0.183896615,-0.114218441,-0.122644946,0.085495384,-0.125157847,0.422443702,,-0.122644946,-0.096250638,0.436009641,0.614713349,0.531461432,,0.453583579,-0.122644946,-0.171579486,,0.640479161,0.575312904,-0.15237208,,,0.640479161,-0.180804026,0.315118278,-0.163638387,,-0.053866969,0.192344743,-0.117470218,0.275586959,-0.078859363,0.047804625,-0.122644946,0.051671356,0.531461432,-0.129587582,0.525674563,,1,,,-0.165544169,-0.127041281,-0.203235011,,-0.179290267,,0.640479161,,,0.640479161,-0.203511279,-0.22694136,0.308984734,-0.098886195,,0.602505921,0.640479161,,0.111983948,-0.08662391,0.130349335,-0.076835034,0.79150062,0.39053157,0.63589141,0.602936883,0.846530404,0.072132764,-0.197160001,0.034053384,,0.518903443,-0.143107997,,0.698187067,-0.078506217,-0.122644946,-0.219268331,0.151918497,,0.422443702,,-0.122644946,-0.096616953,0.54164382,,-0.200838251,,,,-0.121483358,0.522257845,0.7564565,,,-0.148336845,-0.131558516,-0.167642008,-0.125695392,0.008463886,0.422443702,,0.053644994,,,0.531461432,-0.157378851,-0.224762589,-0.129250827,,,,,-0.083449317,,-0.000177284,,0.531461432,,0.071754849,-0.063391246,0.648418238,0.422443702,,,0.570302173,-0.127251112,0.207934276,-0.176838146,-0.055169943,-0.122644946,0.673579022,0.774016214,,0.531461432,,,0.762066735,-0.176111373,-0.143958258,,-0.109687655,0.531461432,0.640479161,,0.531461432,-0.177722929,0.659322294,-0.169117039,0.395225415,0.19100548,-0.044754793,-0.112058759,-0.157113984,,0.047561878,,,-0.183213871,-0.177077951,0.453299138,-0.131592352,,,-0.194326501,0.520726448,0.422443702,-0.175419243,-0.16793463,-0.109122765,,-0.122644946,-0.039498721,-0.257777043,,0.531461432,-0.059390429,0.814164147,,-0.086008005,,-0.190186685,0.135945483,-0.023837594,,-0.122644946,0.420560569,0.064189974,-0.098308623
Germany,,,,,,,,,,,,,,,,,,,,,,,,,,,,,,,,,,,,,,,,,,,,,,,,,,,,,,,,,,,,,,,,,,,,,,,,,,,,,,,,,,,,,,,,,,,,,,,,,,,,,,,,,,,,,,,,,,,,,,,,,,,,,,,,,,,,,,,,,,,,,,,,,,,,,,,,,,,,,,,,,,,,,,,,,,,,,,,,,,,,,,,,,,,,,,,,,,,,,,,,,,,,,,,,,,,,,,,,,,,,,,
Italy,0.263210069,0.242608018,0.138322568,,,-0.100550032,,0.919362206,0.0193503,0.127220309,,,,0.223011023,0.919362206,0.056033362,-0.195518719,0.390345843,0.134966171,0.919362206,,0.142668341,,-0.109991415,0.069410613,0.249265742,-0.109991415,0.158021628,,,0.269423526,0.004391751,-0.09839022,-0.109991415,-0.08325052,0.004620624,-0.109991415,,-0.109991415,-0.036097139,0.798100466,0.138382844,0.056033362,,0.78485765,-0.109991415,-0.156056536,,0.919362206,0.972470886,0.147378499,,,0.919362206,-0.141421701,-0.154575033,-0.145549801,,0.18339788,-0.16060358,-0.096519484,0.4514801,0.226906548,0.249331786,-0.109991415,-0.104118146,0.056033362,-0.070924981,0.049927645,,0.63589141,,,-0.106801428,-0.092845473,0.19368083,,-0.032506308,,0.919362206,,,0.919362206,-0.112121194,-0.060081302,0.396889333,-0.075768652,,0.920423868,0.919362206,,0.246063935,-0.104566837,0.142066736,0.252507157,0.493476717,0.717165199,1,0.172626439,0.653393296,0.28004201,0.098078565,0.126252692,,0.075183797,0.117591819,,-0.039493251,0.298997577,-0.109991415,-0.115480507,0.171683686,,-0.109991415,,-0.109991415,-0.117083274,0.053382362,,-0.148882106,,,,-0.100311349,-0.051320833,0.838071505,,,0.08130265,0.251764628,0.236797114,-0.112727141,-0.153133793,-0.109991415,,-0.096094539,,,0.056033362,0.052325372,0.004188038,-0.098155302,,,,,0.080450132,,0.087017127,,0.056033362,,0.107682465,-0.106478425,0.249938869,-0.109991415,,,0.046303843,0.254402868,-0.011018252,0.18492576,-0.03782822,0.089238318,0.376464962,0.821780913,,0.056033362,,,0.701040829,-0.048898273,0.240563188,,-0.101945388,0.056033362,0.919362206,,0.056033362,0.091955898,0.12331625,0.01621617,0.902842297,-0.141074419,0.09384883,-0.09963267,-0.140904212,,-0.146922162,,,0.16429945,0.266507128,0.175979472,0.253448362,,,-0.121102508,0.04564086,-0.109991415,0.224143345,-0.038082924,0.252108653,,-0.109991415,-0.108783388,0.144974529,,0.056033362,-0.120017352,0.865921839,,0.096437276,,-0.062234319,0.411914975,0.011240828,,-0.109991415,0.201639604,-0.126507635,-0.10977371
Japan,-0.126481509,-0.119258093,-0.164226369,,,-0.11718848,,0.609284884,-0.031527117,-0.164141841,,,,-0.144536852,0.609284884,0.750568336,-0.16520785,0.237268406,-0.155483076,0.609284884,,-0.149831838,,-0.097132373,-0.113951059,-0.119214584,-0.097132373,0.437105731,,,-0.139480205,-0.142047897,-0.093203529,-0.097132373,0.193059303,-0.179721068,-0.097132373,,-0.097132373,-0.079314075,0.427459978,0.741593855,0.750568336,,0.479562908,-0.097132373,-0.146812147,,0.609284884,0.55393605,-0.096270677,,,0.609284884,-0.147821272,-0.136503742,-0.137807016,,-0.02298617,-0.141827494,-0.090421902,0.278697941,-0.116667284,0.015876685,-0.097132373,-0.18561601,0.750568336,-0.118827395,0.746703123,,0.846530404,,,-0.13110771,-0.118861446,-0.165512911,,-0.175206135,,0.609284884,,,0.609284884,-0.163683065,-0.179733071,0.238304685,-0.074495651,,0.57901142,0.609284884,,0.003788677,-0.048644449,-0.142511394,-0.133050422,0.975699131,0.491354558,0.653393296,0.088283724,1,0.115313442,-0.156146824,-0.069662419,,0.000408555,-0.109065882,,0.478266153,-0.051279359,-0.097132373,-0.173656184,-0.155308555,,-0.097132373,,-0.097132373,-0.103395126,0.749204777,,-0.158497312,,,,-0.095176286,0.041024318,0.544902915,,,-0.111882885,-0.104191744,-0.142476496,-0.099548266,-0.101631805,-0.097132373,,0.076766718,,,0.750568336,-0.124640939,-0.178007528,-0.141691897,,,,,-0.166539564,,-0.100057808,,0.750568336,,0.133196733,-0.065346722,0.193943682,-0.097132373,,,0.743358992,-0.100780366,-0.142120955,-0.142662618,-0.070330912,-0.097132373,0.221459292,0.534828187,,0.750568336,,,0.554483848,-0.141472231,-0.114002721,,-0.219593964,0.750568336,0.609284884,,0.750568336,-0.190670578,0.224715496,-0.133937352,0.395215551,0.043410078,-0.170352782,-0.112187112,-0.12443117,,-0.129745564,,,-0.211039834,-0.140242237,0.561538767,-0.104218542,,,-0.152071306,0.742666098,-0.097132373,-0.152913097,-0.176384339,-0.100447101,,-0.097132373,-0.119938503,-0.218397191,,0.750568336,-0.11185498,0.658890443,,-0.083570823,,-0.15056972,0.131662107,-0.052575854,,-0.097132373,0.011772711,-0.00244671,-0.095262045
Netherlands,,,,,,,,,,,,,,,,,,,,,,,,,,,,,,,,,,,,,,,,,,,,,,,,,,,,,,,,,,,,,,,,,,,,,,,,,,,,,,,,,,,,,,,,,,,,,,,,,,,,,,,,,,,,,,,,,,,,,,,,,,,,,,,,,,,,,,,,,,,,,,,,,,,,,,,,,,,,,,,,,,,,,,,,,,,,,,,,,,,,,,,,,,,,,,,,,,,,,,,,,,,,,,,,,,,,,,,,,,,,,,
New Zealand,-0.086202859,-0.082736019,-0.116625215,,,-0.087437245,,-0.066666667,-0.083907923,-0.11265852,,,,-0.099700154,-0.066666667,1,-0.085011133,-0.094280904,-0.106715589,-0.066666667,,-0.115289367,,-0.066666667,-0.078210148,-0.081822761,-0.066666667,0.501058644,,,-0.095732042,-0.11457457,-0.070890474,-0.066666667,0.316862125,-0.159970473,-0.066666667,,-0.066666667,-0.083128659,-0.096956071,0.91122845,1,,-0.06716587,-0.066666667,-0.107199986,,-0.066666667,-0.086891496,-0.182039107,,,-0.066666667,-0.102924652,-0.09368915,-0.102026726,,-0.109267046,-0.0973431,-0.074473134,-0.095898382,-0.051205773,-0.079519941,-0.066666667,-0.145301666,1,-0.085430794,0.998402925,,0.531461432,,,-0.089985591,-0.081997234,-0.116336761,,-0.123733318,,-0.066666667,,,-0.066666667,-0.115813203,-0.123359539,-0.104918671,-0.069282503,,-0.086497298,-0.066666667,,0.057331138,-0.003717648,-0.073314549,-0.092244028,0.877118227,0.206975933,0.056033362,-0.092956101,0.750568336,0.097036759,-0.107171152,-0.008528752,,-0.089451229,-0.051794658,,0.683130051,-0.021801254,-0.066666667,-0.119188676,-0.122230603,,-0.066666667,,-0.066666667,-0.070965098,0.999740141,,-0.114843385,,,,-0.070247442,0.05977184,-0.093133393,,,-0.068903235,-0.071511856,-0.098998094,-0.068324811,-0.046518721,-0.066666667,,0.157368322,,,1,-0.085547132,-0.122175215,-0.112018008,,,,,-0.09831844,,-0.087597484,,1,,0.048239752,-0.021385053,0.086879812,-0.066666667,,,0.99600811,-0.069170461,-0.097544516,-0.09707539,-0.115431901,-0.066666667,-0.113629776,-0.089730317,,1,,,0.238797208,-0.098757103,-0.078461064,,-0.167104109,1,-0.066666667,,1,-0.155826794,0.183964857,-0.091927712,-0.119352479,0.158488089,-0.091003829,-0.080277608,-0.085403158,,-0.089050684,,,-0.151086399,-0.096255061,0.612057229,-0.071530249,,,-0.113076285,0.995458255,-0.066666667,-0.115486362,-0.129597219,-0.068941726,,-0.066666667,-0.094923583,-0.1581461,,1,-0.063700927,0.093070322,,-0.058834181,,-0.103601687,-0.158122618,0.034831539,,-0.066666667,-0.119606663,0.073889013,-0.065321161
Russia,0.871187566,0.925915349,0.985979906,,,0.467397954,,-0.098925362,-0.107038327,0.95596486,,,,0.983287336,-0.098925362,-0.09707539,0.270253746,-0.132952158,0.375917981,-0.098925362,,0.687151531,,0.425850222,-0.030665505,0.907824847,-0.091062978,-0.129734815,,,0.732573133,0.38837892,-0.102353636,-0.100929499,0.367896002,0.675628844,-0.091062978,,0.425850222,0.512423034,-0.08912052,0.110454474,-0.09707539,,0.096963793,0.425850222,0.257564994,,-0.098925362,0.200821684,0.329612028,,,-0.098925362,0.196605349,0.136184851,0.242199633,,0.231586944,0.269578178,0.416976879,-0.14243218,0.914032203,-0.054375301,0.425850222,0.445068108,-0.09707539,0.008341105,-0.10300143,,-0.176838146,,,0.495383321,0.002473496,0.971708933,,0.254572686,,-0.098925362,,,-0.098925362,0.454021253,0.382357953,0.304281921,0.42291217,,-0.112999186,-0.098925362,,0.793280669,-0.107939498,0.668253334,0.854695665,-0.135878978,0.350397058,0.18492576,-0.099959408,-0.142662618,0.116179342,0.39160899,0.557315883,,-0.111257889,0.284587197,,-0.137703185,0.87009386,-0.100929499,0.159708892,0.703083512,,-0.091062978,,0.425850222,-0.106822815,-0.099489043,,0.146999122,,,,0.435711372,-0.015669632,-0.093288447,,,0.058147715,0.890413603,0.908760296,-0.097827757,-0.079140373,-0.091062978,,-0.108015198,,,-0.09707539,-0.045101052,0.51435269,0.063639747,,,,,0.696811971,,0.006142962,,-0.09707539,,0.361456209,-0.109752827,0.143178722,-0.091062978,,,-0.105413503,0.876869047,-0.075701145,1,0.13262551,-0.014597441,-0.002188926,-0.129974338,,-0.09707539,,,0.178783044,0.198982262,0.927963393,,0.3921816,-0.09707539,-0.098925362,,-0.09707539,0.378741151,-0.014708045,0.791784075,0.302263243,0.357809129,0.466144693,0.456704173,0.385313905,,-0.130991364,,,0.5990431,0.854201691,-0.146051573,0.884688244,,,0.284836625,-0.106881789,-0.091062978,0.953797099,0.599508734,0.869393117,,-0.100929499,-0.113433017,0.759304829,,-0.09707539,-0.110122855,-0.148078461,,0.007530539,,0.637367697,0.381579623,0.318407601,,0.425850222,-0.073820477,-0.136836824,-0.103394944
Saudi Arabia,0.335355925,0.27676573,0.112892751,,,-0.146322161,,0.550695601,-0.094009394,0.107774422,,,,0.238810421,0.550695601,0.238797208,-0.18173696,0.6754205,0.22337541,0.550695601,,0.082859356,,-0.190063084,0.275830566,0.269793105,0.433733704,0.409980782,,,0.353275757,-0.099243368,-0.177872954,-0.190063084,-0.089872429,-0.022475545,0.433733704,,-0.190063084,-0.128560445,0.573083389,0.33120108,0.238797208,,0.428829226,-0.190063084,-0.267104527,,0.550695601,0.624968911,0.015638476,,,0.550695601,-0.250459463,0.290762181,-0.256219135,,0.154582598,0.147536245,-0.193355375,0.165360262,0.349141364,0.336691134,-0.190063084,0.09672891,0.238797208,-0.122186159,0.250630491,,0.762066735,,,-0.203178467,-0.150541198,0.207314835,,-0.088119702,,0.550695601,,,0.550695601,-0.226803993,-0.167954083,0.201968221,-0.169787007,,0.5627519,0.550695601,,0.442873753,-0.172252973,0.497559497,0.383583695,0.482191089,0.605207447,0.701040829,0.578706777,0.554483848,0.390941886,0.170359112,0.286085889,,0.565735454,0.234155149,,0.492242224,0.350625233,-0.190063084,-0.235837208,0.539928668,,0.433733704,,-0.190063084,-0.163481824,0.249445566,,-0.281605344,,,,-0.18617185,0.467842762,0.668530159,,,0.175477847,0.271859882,0.261673476,-0.194790365,-0.078437408,0.433733704,,-0.089505261,,,0.238797208,0.134705856,-0.084759075,-0.162582987,,,,,0.169775285,,0.301935703,,0.238797208,,-0.040417775,-0.135609799,0.704962921,0.433733704,,,0.278070771,0.27650214,0.45860072,0.178783044,-0.147929472,0.199809908,0.613492243,0.693983737,,0.238797208,,,1,-0.13325688,0.252222649,,-0.059156002,0.238797208,0.550695601,,0.238797208,0.172733095,0.684655127,-0.047040173,0.675300121,0.065370568,0.361858485,-0.148803129,-0.243479812,,-0.011969468,,,0.289872756,0.321059015,0.245398168,0.275109335,,,-0.248898762,0.258295712,0.433733704,0.230461198,-0.080920979,0.292330258,,0.199809908,-0.079807442,0.162968025,,0.238797208,-0.090636087,0.776299047,,0.227233102,,-0.146452255,0.221594963,0.078188108,,-0.190063084,0.607464991,-0.045236511,-0.1663118
Singapore,-0.086202859,-0.082736019,-0.116625215,,,-0.087437245,,-0.066666667,-0.083907923,-0.11265852,,,,-0.099700154,-0.066666667,1,-0.085011133,-0.094280904,-0.106715589,-0.066666667,,-0.115289367,,-0.066666667,-0.078210148,-0.081822761,-0.066666667,0.501058644,,,-0.095732042,-0.11457457,-0.070890474,-0.066666667,0.316862125,-0.159970473,-0.066666667,,-0.066666667,-0.083128659,-0.096956071,0.91122845,1,,-0.06716587,-0.066666667,-0.107199986,,-0.066666667,-0.086891496,-0.182039107,,,-0.066666667,-0.102924652,-0.09368915,-0.102026726,,-0.109267046,-0.0973431,-0.074473134,-0.095898382,-0.051205773,-0.079519941,-0.066666667,-0.145301666,1,-0.085430794,0.998402925,,0.531461432,,,-0.089985591,-0.081997234,-0.116336761,,-0.123733318,,-0.066666667,,,-0.066666667,-0.115813203,-0.123359539,-0.104918671,-0.069282503,,-0.086497298,-0.066666667,,0.057331138,-0.003717648,-0.073314549,-0.092244028,0.877118227,0.206975933,0.056033362,-0.092956101,0.750568336,0.097036759,-0.107171152,-0.008528752,,-0.089451229,-0.051794658,,0.683130051,-0.021801254,-0.066666667,-0.119188676,-0.122230603,,-0.066666667,,-0.066666667,-0.070965098,0.999740141,,-0.114843385,,,,-0.070247442,0.05977184,-0.093133393,,,-0.068903235,-0.071511856,-0.098998094,-0.068324811,-0.046518721,-0.066666667,,0.157368322,,,1,-0.085547132,-0.122175215,-0.112018008,,,,,-0.09831844,,-0.087597484,,1,,0.048239752,-0.021385053,0.086879812,-0.066666667,,,0.99600811,-0.069170461,-0.097544516,-0.09707539,-0.115431901,-0.066666667,-0.113629776,-0.089730317,,1,,,0.238797208,-0.098757103,-0.078461064,,-0.167104109,1,-0.066666667,,1,-0.155826794,0.183964857,-0.091927712,-0.119352479,0.158488089,-0.091003829,-0.080277608,-0.085403158,,-0.089050684,,,-0.151086399,-0.096255061,0.612057229,-0.071530249,,,-0.113076285,0.995458255,-0.066666667,-0.115486362,-0.129597219,-0.068941726,,-0.066666667,-0.094923583,-0.1581461,,1,-0.063700927,0.093070322,,-0.058834181,,-0.103601687,-0.158122618,0.034831539,,-0.066666667,-0.119606663,0.073889013,-0.065321161
South Africa,0.039724422,0.037091077,-0.016681184,,,-0.001174738,,0.11855513,0.000945068,-0.053293623,,,,-0.024289409,0.11855513,0.183964857,0.052710633,0.861437193,-0.154309766,0.11855513,,-0.096526322,,-0.061321619,0.017464581,0.002166242,0.903471851,0.31382622,,,-0.066314272,-0.144313799,-0.136224747,-0.143083777,0.011658299,0.035205381,0.903471851,,-0.061321619,-0.040417793,0.002548073,0.328317974,0.183964857,,-0.016708015,-0.061321619,-0.126078158,,0.11855513,0.121161527,-0.223503098,,,0.11855513,-0.152237932,0.776642575,-0.129884363,,-0.1336145,0.567873363,-0.07093783,-0.050850275,0.125501257,-0.031947621,-0.061321619,0.377366955,0.183964857,-0.11855817,0.191078075,,0.659322294,,,-0.093651618,-0.110531194,-0.046667725,,-0.109362977,,0.11855513,,,0.11855513,-0.136149963,-0.171715824,0.143687815,-0.056993221,,0.075482196,0.11855513,,0.324782068,-0.129155318,0.531795458,0.148454852,0.224328267,-0.004393419,0.12331625,0.91644051,0.224715496,-0.042625344,-0.153180352,0.207838968,,0.89750761,-0.118942912,,0.795922172,0.039769247,-0.143083777,-0.20047701,0.571174205,,0.903471851,,-0.061321619,-0.087153666,0.205140351,,-0.190923168,,,,-0.063810606,0.921058079,0.428463073,,,-0.140657195,0.015216874,-0.001955584,-0.145771524,0.11723886,0.903471851,,-0.008384978,,,0.183964857,-0.183606102,-0.146778712,-0.092584398,,,,,0.1379633,,0.076567738,,0.183964857,,-0.056295673,-0.069898114,0.937009778,0.903471851,,,0.265153901,0.016439083,0.53441213,-0.014708045,-0.065816911,-0.143083777,0.816246954,0.476508559,,0.183964857,,,0.684655127,-0.147545524,0.009358052,,0.11230355,0.183964857,0.11855513,,0.183964857,-0.092358022,1,-0.046976301,0.027811771,0.377141674,0.188441883,-0.019784067,-0.058330012,,0.214730079,,,0.024582621,-0.044268871,0.12757938,0.015318347,,,-0.165841723,0.195610994,0.903471851,-0.011555383,-0.042082703,0.04982392,,0.11855513,0.033509842,-0.134000624,,0.183964857,-0.006281828,0.412201257,,-0.093230715,,-0.091013233,-0.035033491,0.07292586,,-0.061321619,0.662996092,0.106478357,-0.100827908
Spain,0.444266677,0.361576461,0.232409724,,,-0.098904286,,0.73998537,0.033722695,0.266063205,,,,0.388420436,0.73998537,-0.119352479,-0.206983601,0.286942821,0.515296772,0.73998537,,0.216210237,,-0.119352479,0.430623321,0.380989876,-0.119352479,0.216526624,,,0.570023285,0.030572997,-0.103498269,-0.119352479,-0.158836777,0.049541309,-0.119352479,,-0.119352479,-0.045504883,0.89021338,-0.048313297,-0.119352479,,0.727376044,-0.119352479,-0.167023639,,0.73998537,0.83461714,0.373479255,,,0.73998537,-0.145789898,-0.167730485,-0.15914364,,0.445091651,-0.174272104,-0.111329128,0.337311794,0.394510626,0.572225805,-0.119352479,-0.040923388,-0.119352479,-0.035554248,-0.126370143,,0.395225415,,,-0.106643696,-0.085082849,0.390316643,,0.003713051,,0.73998537,,,0.73998537,-0.103677581,-0.033356266,0.28801298,-0.091862338,,0.805722497,0.73998537,,0.308409816,-0.124690497,0.269688127,0.426347204,0.247672312,0.852256628,0.902842297,0.105730627,0.395215551,0.600839202,0.454647059,0.240841702,,0.091668284,0.488111523,,-0.174714139,0.439952517,-0.119352479,-0.107293754,0.325822622,,-0.119352479,,-0.119352479,-0.127047906,-0.122480286,,-0.1586174,,,,-0.11032472,-0.103117532,0.661192582,,,0.446957254,0.360202304,0.387326627,-0.122321034,-0.174800409,-0.119352479,,-0.144904294,,,-0.119352479,0.403167384,0.050213987,-0.093564197,,,,,0.153153325,,0.434450869,,-0.119352479,,0.06935614,-0.115554702,0.188923969,-0.119352479,,,-0.130265358,0.361716311,0.256460589,0.302263243,-0.058765524,0.45353942,0.267365053,0.648997868,,-0.119352479,,,0.675300121,-0.027525184,0.348136812,,-0.048000751,-0.119352479,0.73998537,,-0.119352479,0.432906665,0.027811771,0.054859002,1,-0.196751891,0.441090261,-0.087706034,-0.152896179,,-0.159426299,,,0.502140925,0.501217251,0.087035785,0.364976703,,,-0.125605024,-0.130957162,-0.119352479,0.365744324,0.023966256,0.354767503,,-0.119352479,-0.097169283,0.430351517,,-0.119352479,-0.084870837,0.773264907,,0.455171232,,-0.03040949,0.49987956,0.034741446,,-0.119352479,0.379933901,-0.165353192,-0.120972609
Sweden,,,,,,,,,,,,,,,,,,,,,,,,,,,,,,,,,,,,,,,,,,,,,,,,,,,,,,,,,,,,,,,,,,,,,,,,,,,,,,,,,,,,,,,,,,,,,,,,,,,,,,,,,,,,,,,,,,,,,,,,,,,,,,,,,,,,,,,,,,,,,,,,,,,,,,,,,,,,,,,,,,,,,,,,,,,,,,,,,,,,,,,,,,,,,,,,,,,,,,,,,,,,,,,,,,,,,,,,,,,,,,
Switzerland,,,,,,,,,,,,,,,,,,,,,,,,,,,,,,,,,,,,,,,,,,,,,,,,,,,,,,,,,,,,,,,,,,,,,,,,,,,,,,,,,,,,,,,,,,,,,,,,,,,,,,,,,,,,,,,,,,,,,,,,,,,,,,,,,,,,,,,,,,,,,,,,,,,,,,,,,,,,,,,,,,,,,,,,,,,,,,,,,,,,,,,,,,,,,,,,,,,,,,,,,,,,,,,,,,,,,,,,,,,,,,
Turkey,0.280076142,0.358236718,0.64678122,,,0.73664683,,-0.110817849,-0.14647178,0.717133931,,,,0.518554588,-0.110817849,-0.129597219,0.4546739,-0.074648382,0.259797875,-0.110817849,,0.183389953,,0.730602287,-0.013800444,0.322177213,-0.017964294,-0.087553916,,,0.219956734,0.185859951,-0.147451568,-0.147854941,0.645223239,0.620605275,-0.017964294,,0.730602287,0.7528334,-0.096139305,0.14658135,-0.129597219,,0.112186848,0.730602287,0.451722895,,-0.110817849,-0.016378646,0.431689931,,,-0.110817849,0.302951424,0.357295382,0.417204054,,0.420600923,0.55671183,0.719727138,-0.169560981,0.372166502,-0.043420337,0.730602287,0.652655526,-0.129597219,-0.099297326,-0.138251008,,-0.16793463,,,0.716033381,-0.067149179,0.603882519,,-0.027917666,,-0.110817849,,,-0.110817849,0.580169797,0.221523701,0.574800087,0.727766924,,-0.130224468,-0.110817849,,0.254393128,0.502758087,0.184795358,0.269189213,-0.171172476,0.152633142,-0.038082924,-0.016606888,-0.176384339,0.00397035,0.376398926,0.174714832,,-0.040105825,0.228634738,,-0.108003969,0.264772412,-0.147854941,0.056197279,0.301905971,,-0.017964294,,0.730602287,-0.149301475,-0.130471562,,0.208040794,,,,0.732100408,0.120828436,-0.054455319,,,0.04209162,0.295358533,0.326152302,-0.14217372,0.58001764,-0.017964294,,0.532737484,,,-0.129597219,-0.048687501,0.23406317,0.006734633,,,,,0.293371288,,0.065481922,,-0.129597219,,0.650482327,0.502580511,0.010942275,-0.017964294,,,-0.131459933,0.274179629,-0.020789301,0.599508734,0.271623171,-0.010661205,0.146348091,-0.111662805,,-0.129597219,,,-0.080920979,0.023210133,0.361245181,,0.386155932,-0.129597219,-0.110817849,,-0.129597219,0.303677907,-0.042082703,0.793803807,0.023966256,0.716428101,0.351140953,0.741908022,0.669624072,,-0.147126984,,,0.238703235,0.293807821,-0.169008445,0.285455501,,,0.373360397,-0.143939995,-0.017964294,0.427252356,1,0.265665283,,-0.147854941,-0.156804647,0.440221429,,-0.129597219,-0.13649771,-0.139520419,,0.036910122,,0.834167495,0.550021203,0.590873342,,0.730602287,0.009610589,-0.170503632,-0.148596855
United Arab Emirates,,,,,,,,,,,,,,,,,,,,,,,,,,,,,,,,,,,,,,,,,,,,,,,,,,,,,,,,,,,,,,,,,,,,,,,,,,,,,,,,,,,,,,,,,,,,,,,,,,,,,,,,,,,,,,,,,,,,,,,,,,,,,,,,,,,,,,,,,,,,,,,,,,,,,,,,,,,,,,,,,,,,,,,,,,,,,,,,,,,,,,,,,,,,,,,,,,,,,,,,,,,,,,,,,,,,,,,,,,,,,,
United Kingdom,-0.086202859,-0.082736019,-0.116625215,,,-0.087437245,,-0.066666667,-0.083907923,-0.11265852,,,,-0.099700154,-0.066666667,1,-0.085011133,-0.094280904,-0.106715589,-0.066666667,,-0.115289367,,-0.066666667,-0.078210148,-0.081822761,-0.066666667,0.501058644,,,-0.095732042,-0.11457457,-0.070890474,-0.066666667,0.316862125,-0.159970473,-0.066666667,,-0.066666667,-0.083128659,-0.096956071,0.91122845,1,,-0.06716587,-0.066666667,-0.107199986,,-0.066666667,-0.086891496,-0.182039107,,,-0.066666667,-0.102924652,-0.09368915,-0.102026726,,-0.109267046,-0.0973431,-0.074473134,-0.095898382,-0.051205773,-0.079519941,-0.066666667,-0.145301666,1,-0.085430794,0.998402925,,0.531461432,,,-0.089985591,-0.081997234,-0.116336761,,-0.123733318,,-0.066666667,,,-0.066666667,-0.115813203,-0.123359539,-0.104918671,-0.069282503,,-0.086497298,-0.066666667,,0.057331138,-0.003717648,-0.073314549,-0.092244028,0.877118227,0.206975933,0.056033362,-0.092956101,0.750568336,0.097036759,-0.107171152,-0.008528752,,-0.089451229,-0.051794658,,0.683130051,-0.021801254,-0.066666667,-0.119188676,-0.122230603,,-0.066666667,,-0.066666667,-0.070965098,0.999740141,,-0.114843385,,,,-0.070247442,0.05977184,-0.093133393,,,-0.068903235,-0.071511856,-0.098998094,-0.068324811,-0.046518721,-0.066666667,,0.157368322,,,1,-0.085547132,-0.122175215,-0.112018008,,,,,-0.09831844,,-0.087597484,,1,,0.048239752,-0.021385053,0.086879812,-0.066666667,,,0.99600811,-0.069170461,-0.097544516,-0.09707539,-0.115431901,-0.066666667,-0.113629776,-0.089730317,,1,,,0.238797208,-0.098757103,-0.078461064,,-0.167104109,1,-0.066666667,,1,-0.155826794,0.183964857,-0.091927712,-0.119352479,0.158488089,-0.091003829,-0.080277608,-0.085403158,,-0.089050684,,,-0.151086399,-0.096255061,0.612057229,-0.071530249,,,-0.113076285,0.995458255,-0.066666667,-0.115486362,-0.129597219,-0.068941726,,-0.066666667,-0.094923583,-0.1581461,,1,-0.063700927,0.093070322,,-0.058834181,,-0.103601687,-0.158122618,0.034831539,,-0.066666667,-0.119606663,0.073889013,-0.065321161
United States,-0.063626355,-0.11783729,-0.175323914,,,-0.103961252,,0.883218364,0.021125217,-0.138027974,,,,-0.111444028,0.883218364,0.093070322,-0.148117193,0.684968052,0.129184484,0.883218364,,-0.181178824,,-0.119661843,0.257176994,-0.119884609,0.245021869,0.389773631,,,0.023739295,-0.170323693,-0.10287337,-0.119661843,-0.078360365,-0.11364974,0.245021869,,-0.119661843,-0.082155781,0.850414462,0.19725305,0.093070322,,0.747429947,-0.119661843,-0.164294291,,0.883218364,0.81017297,0.159644561,,,0.883218364,-0.174499925,0.157973413,-0.158194453,,0.274430518,0.07377228,-0.108000013,0.421888863,-0.057217846,0.408281764,-0.119661843,0.034870238,0.093070322,-0.099134054,0.086497715,,0.814164147,,,-0.161517625,-0.123700416,-0.094723175,,-0.18153188,,0.883218364,,,0.883218364,-0.193750978,-0.221421447,0.420152734,-0.086809677,,0.905719151,0.883218364,,0.001315069,-0.110634933,0.055838963,-0.034621614,0.509753343,0.640044112,0.865921839,0.506864496,0.658890443,0.354850727,0.114885149,0.013720946,,0.441953262,0.164342253,,0.247458145,-0.048755044,-0.119661843,-0.21393505,0.125946116,,0.245021869,,-0.119661843,-0.104673021,0.09858357,,-0.193001018,,,,-0.115905455,0.301980263,0.927885971,,,0.182891156,-0.123070346,-0.1210134,-0.122638093,-0.060194689,0.245021869,,-0.052900628,,,0.093070322,0.171073239,-0.21929567,-0.125558963,,,,,-0.131837749,,0.298754825,,0.093070322,,0.107900553,-0.08657972,0.466017745,0.245021869,,,0.115173977,-0.120019791,0.335639804,-0.148078461,-0.016993922,0.21463156,0.656270529,0.931076875,,0.093070322,,,0.776299047,-0.169835113,-0.13480369,,-0.107704434,0.093070322,0.883218364,,0.093070322,0.118800039,0.412201257,-0.165003591,0.773264907,-0.002642712,0.169600654,-0.099374505,-0.153292488,,-0.018414693,,,0.053479317,-0.046934127,0.262139304,-0.120357306,,,-0.184963437,0.081822522,0.245021869,-0.127901973,-0.139520419,-0.111898429,,-0.119661843,-0.042685576,-0.048735219,,0.093070322,-0.050891096,1,,0.241390071,,-0.171242926,0.417430983,-0.109275947,,-0.119661843,0.558144277,-0.044208477,-0.104260503
